post_reorg_nonce,post_reorg_message_id,transaction_hash,destination,exists_pre_reorg,pre_reorg_message_id,pre_reorg_nonce,token,amount
902,0x4d745f718590f89ce261f2fea8dbbc251bb612f424d9bb1c06a89abaf75b680f,0x1e08bfd1118dd61de5fd538845032ca41af8350ec5aa9cee30ba75c03bb30517,ethereum,TRUE,0xfe6a0d90730f6de8ca9874e844eef98c937e387f9dd6e2568809020ad65f5489,903,USDT,0.5
903,0xca7b654bba99af648022a65c1f097a8421c27aa1a05b0a730267d862225aa632,0x063c069096af0149238d149a1edfb54c97345c9395e484dc33c9dad5cd409abc,ethereum,TRUE,0x7e01737e750179323283a324428416f5fd961cd72c2e4d06050d229644fb9e1e,904,USDT,1
904,0xdd85e700bae7d8be86f409e12d71c1b715c91ea0cc2a29d5fb0bda98291a4d7a,0x955900b3274f882545cc1e064ebdc320ba6bc9b829ddd8550c88fac8660cfaa6,ethereum,TRUE,0xc43582b0782e7e90b52722319893e925c6557a7864cd5477bde64f57ddf2ab2b,905,USDT,1.25
905,0x43318b4ec912080ce017d421db9d4bfd120d99ec4287e0a8b6203c7f36979e8e,0x50f6ee0efb26f945485eedd7850a08b2e755c1372ca1aff67c42fef2234cbd41,ethereum,TRUE,0x273a5e3fb471edb3addea2d0c544792bf9b998cd3df0dc72ff2ba5e94914c105,906,USDC,39
906,0xdf4997578ff182541138114b060d6d66dfb8c844f724b43ccb95a2b25a3ce416,0x567c416bbf3edab7f939b33312551ae5e27a1b856e36a95027849ae1d342ed98,ethereum,TRUE,0x95ee8b1ff0b3d7fd0528d4eb96446a8df8ca213a6d0abcbbbecdde0e93b125e6,907,USDC,21.32188
907,0x3b36fd5c21656e707746479ec7b6334f357c0e6f5b00835328e99e9a516fa0ea,0x351ebc4a2df3ef5d6650f583d563a8f160c20b0f5b70affd8c32a0b152ff582b,ethereum,TRUE,0x81d15ae0583b5a34778fa4d1a30ca1c9621da28e550d01559ebf18364cda7266,908,USDT,0.001
908,0x95bc13efdaa40d994e3c36f6ab00d5fc5683487e5e981070348bb9e92b6031a9,0x68a7505f5f4aa8123e347a87f7f50f71e5daf1b4c1b33d835229c512a5c2394b,ethereum,TRUE,0x50ee8493faafbc6ead5c1c6aeac3aa66b85ed31e0123a0801fb1456a3662eb58,909,USDT,1
909,0xc324b6e85f876864046761166e75a8a44f9efc6faa93dcde4a3d919289966113,0xc56002f4ffaf7898697ecdbca73c7e6ae96318816e6bfe644b8ae07a6d188eed,ethereum,TRUE,0x0cb299c7a5886870c7869308a5af86d7340c252d3a769b60fe9b9e4fbcd4055d,910,USDT,1
910,0x53735ead21dba1a1047e9b8f5d72422d478dbddb92fd78ef85592e51122fa572,0x664ee0025254f9bc37fd7304786ce6debd814fefb887be9030df5a2df9b2c98b,ethereum,TRUE,0x618d74b8959bd4e36730b009a9d951329185a02b57464885f05799353bd29d90,911,ETH,0.0000005
911,0x2fcf73771d9be7f49205b1de14606122baeda4bd19dec730daf01ace66cfa276,0xd1f3dfa948756837e33e42094458fa875bbcca83bda9aefb60663dfcd2aba44e,ethereum,TRUE,0x57aa175e5163c110a74353b61d4bfc05e58e57aec4ddfe944ac1d1d6b21d16a7,914,USDT,53
912,0x64d4a0b1653f5ca8d1b1c73dc62f7951da5fa63004c7840d20f0919a7dbd07bc,0x77cb7480fa50b73782883551059b9da82541d410f064992922ae1d69defbeb83,ethereum,TRUE,0x02303c749980f2263e2e9d7749548e0762554082f561af2d7dfab74636979130,917,USDT,445
913,0xdd128183a53f2a71279bc6f00b4404be690d5d47f1865b60237a63c095863c0a,0x0d88932e608b39b8912fd6cf228fd727f365c4ba1eadfa1b0a5101c3b14bf4e2,ethereum,TRUE,0x690f9c5cb00246d36d9df9842f308daa587adf20f6eee9896e5f493b18e58f4f,919,USDT,22
914,0xc1f409b71e923793532c9677367e0ce087f472a5ccc7b96076727df854ad80de,0x5bac41c50b26bcf9a4a5d2ca4c22a4a69cb4f4c039a0708ab0ad9878fe988832,base,TRUE,0x63b0706a74db28cd2cd1176b677018d53f483d2da9b767bfc4d6120300d805b8,920,ETH,0.8
915,0x3464506446c0006340084410d406e258fdb221aea8d2ba4f6778fd4e10f97c5f,0xb6ff637b98762699bdb23b5ed0f7276e92cefd5515022bcc4106596397b4af74,ethereum,TRUE,0x2891e8e6ca6326e42235ecfdfc702064650b0364cff8a71d7fcaf8b1b2c88c8c,921,ETH,0.32
916,0x597ebcab6d082259dca200902db9c2acb03ae8a43c80fae6d5cccf9574b90e0b,0x8d5996279cdf6cb10f185eee4e5f264aa8c02f464b5653eb444c29ae130b9869,ethereum,TRUE,0x2930bd946eee7c4c1cfa1ca5d261477a49d0207b11a1e5c3620b410d6d469c5d,922,USDT,981.134639
917,0x35d63566b9a7e83e6af069cac4280079d20e874202d2d1cc3b71c1c4cc4f89ad,0x27d31f304314ddf2bd0dcd79c74410befa76ada023dd3990654d7902468f9d85,ethereum,TRUE,0x380e9337a303cadcaa3d8f98c45ba03a927f913bc8e551413411fb1a50d6e8f7,923,USDT,532
918,0xe2aa30e825233c0c0bd408fac39c082391635baeb6f54886361510064908a3a3,0xd8e76747c62f28ee0b853a52a988987f8db062ddc6a53bbe37cc80b82ac1b80c,ethereum,TRUE,0xbdbf749d6cb0b81fabe21e004d592ac80e5fabada7bc953f8f118cbbdc99588e,924,ETH,0.2328878724
919,0xd55a95c6e0d4f97de7be7ac5052e064bb12aa4a00baa42c1a640d3d8e41193cb,0x935067b6b58618ef5b5b874bb8ae0c64d0dea57b9f5d2c4d418fce08396bb0da,ethereum,TRUE,0x1a6861c4a452c2fc66d9db153c84a978fc5156a3d1baa4d92fab0e671d171b67,926,ETH,0.000008
920,0x447d2beaeeb449abbfba7feb2db322fdc43efffbe170bb378a84d9ccad438cf8,0xf5110d4ea09615b39c92c3fed8f69e0088d2ea39c6cd8f99fadfacf034eebd7c,ethereum,TRUE,0x28f918aa27c345b931ea9431081ba2d870d486a7f35896e4ec8c3cab44c394cf,927,ETH,0.006
921,0xde45d56b7ac6e0e3a9d258ee3cc59e8dbebcbff8c0e7c7f3716c4247cf87e0e5,0xc5120cfea829200fae089368726f1d16bfd17b0756e2245774d7d3e7f1b03197,ethereum,TRUE,0x23deb4454e816a1dae1c20736f8b78ee1938b0fa245bd54521b03f45b29dfc9a,928,USDT,551
922,0x08e3841811ceaa9b2b3309a35ec1cd0c80ac860c78594435f68cfa0c55994d87,0x30e65387310c4a39d08ea359fc6446f5e35109d3e5571665d4c549e6d0ffe53b,ethereum,TRUE,0x40f07e35f1f39149e63207993df062efea8f90afc3190b754d32850b709af444,929,USDT,1064
923,0x660f28b8f576d6b67ce1babe8f445c1f8edaf0127a26d12561710877b99fb5c9,0xf8630f94512fb438664768f90a2dd8bea6078d44a77f78aee2eafee032c347e0,ethereum,TRUE,0xdd65416019ea622076524fba67871eaf8d951b44d40b4f7e9a9e28e7eb6ee206,930,USDT,0.125
924,0x244c2eca0675305c30648d37d230f8b46aa8f27b69c4f8738894135b847337ee,0xc0c4eafc67377bae35b1074ac1521b92d79e53b614ba44398821ca2e77a13f3c,ethereum,TRUE,0xf59d1836be134abf2a5c745f695b54828f6c242ee1b039f137cb1a0bdc9b5d12,931,USDT,0.11
925,0xf8ae7b944c123b3cbaabb612b2e222bf709b947ca95ba867d5dfcff2a897008d,0x84c676a2de5389c554c9fb471e358c8721b48b89c82d496c57a94d9c226a5ec6,ethereum,TRUE,0x62fb3a0c6727c8388a0d0eb580a67f134a2580923f485ef5b6fc321914da791d,932,USDT,0.005
926,0x367a8ec2d7020a33e8599966a44af390567392bf77b1f396d7c8bebc1fad7295,0x12464b8a80b4cf3d6d23d540093bee9c5aa332f8534dbfe21d4fd0a49e2ea635,ethereum,TRUE,0xb9b4827520fcaee0fbcd7ae071fd3f6537a35504e6c84367689d8eb62cbe4bfe,933,USDT,105.449396
927,0x98a90ea3164612f5068f8078422e023bdfbae442d4fa23cf6c2e89834d3921e6,0x9652d37c9528ee7676740f52e70c390a4dbe2256b4d6314f9d2db929ef2349fe,ethereum,TRUE,0xbcc0135f62a9b17640ed29b737867a33e07caef7c025397563ece3c0f7952a66,935,ETH,1.37170322
928,0xe045d1c38dbdf7e6af8a8e6e5f3609926d1c0f84d6368b872612e80f8543cc82,0x3c230bd39b8226cac11e5706d52c5feb7300ef12d82c93a0a951ea3702eb3f55,ethereum,TRUE,0x2bc9191dbd65b5dcfc2dc9ea1c9997cd92048712a3dbea518cdbba3d7086bc22,936,USDT,2500
929,0x216a4093c4315191f8ce37e3b56ee3ff98c2293faf264725fda498706e3bcba6,0xe92a417174c93d9d03ccd8f4d74384aa7b8aef19350fb2e84ff0048c482bb84d,ethereum,TRUE,0xb6ad40d2b09330e3337f10a190e41e44d061ac0246a6bda561ead6522e62722e,937,USDT,2000
930,0x912b4fad1d2b68133d340088c006757a345453576c9da7a44c1f0c319f2bc87b,0x9f2e4486ee300358ab12b81fa572ba8a6f0684033928dd749f6085d0eb5ecc2f,ethereum,TRUE,0x51e8d316683fe7eebb4722566e18b96bc673c52914ddca6bbc5d53de213ee86e,938,USDT,337
931,0xb203b097ee2786c7a10185e8701d95de0a77120d4ca113c215721c134abf3aa3,0xe9f4c4768d44360fd151b805d1b6be343cc33c418f8c68ff8aebd970ff65b6c0,ethereum,TRUE,0xc2954b54a5b1b4eefee529fc28b6c36a179869eb783105ee2380727d55625003,939,ETH,0.002876
932,0xdaa91a1e428c42af7556d27a6710b41ab8dcb84ce78f38e5d516eebb9a9951bb,0x4880621e258f1d6ce480d10dce1bcaa23e9ef0f3e1af319b7e201e2d72978928,ethereum,TRUE,0x39f62a593e04fef0de3a1ccd3bd0b74505d6ced1607895478f93e36c6b90eda0,940,USDT,0.33
933,0x82d1c589d0d73aea5625c5ed9d4d88b6193d233d55d010366085811d1cdacc61,0xaea058e95905c35cdca8a8c9f102f0bce82258316afca2e2a56fd9b6f7ed8eb8,ethereum,TRUE,0x0f081d5b950169404d796b87c87200e24c562979d3a5b6d7879434cc4f289df5,941,ETH,1.435334915
934,0x0b8b87d94e30e7410cbd59c6628774ea50f1b89a6a5293efbec5ef3f88369c79,0xdd6cf280ff0ba7d04da43e62724e9b12f1b8afe95ddf5d64436e4ba70f298844,ethereum,TRUE,0xacef8d4b4b9841e2dc3fd8e793060ca9860c30222774418db2236aecfbe37db3,942,USDT,2.415007
935,0x2d78bdfd26dd843262028796a4e64004dde08dde1057fce08ab64983368957ff,0xb3181ea8f841197c3df812c71d21c70f2cf69ccaa66569471d03a3e8fadef4e4,ethereum,TRUE,0x49430d370df8d4c56182071397f73d692cab762cb3eb896cef15cabfd11d8f70,943,USDT,1971.1943
936,0x415ac49e258ca3f1ed37cc7f4294e9122b561412e4413d9101c6b238e80b9627,0x9e6bfa2d0a04189e14e823279747789988b3320af7ab1ccee1e3f68d9a275c48,ethereum,TRUE,0xed388fa5b72d6c77a5da736be45ddec8478c097e97f6a3e3f1f3c15d757c54f9,944,ETH,0.2107
937,0x1970dc167e6380eb503ca7ef9f8d33d931aaca82928e475e12fd0b522495c0ee,0x26a12192c298723fc4865b30d1e0ea339f6233b0dbda6b7f27a2384237653a99,ethereum,TRUE,0x13e97a6d443d0a45632c719fccf258c880ea63c730e12be2f8a3bdf2172801bc,945,ETH,0.4917
938,0xccf5db402a14a1058d655b5ee04e638a9f3d42aaeafebc80fa15ec4eee3216e4,0x7129ed21243cd203366bc271e14adfac11eabca199eb883b5083ce2dc391faf6,ethereum,TRUE,0xddcd9a3bda38f8aeffe0d4b7f67571c3a8207534ec856bbf1805b00204a4f0fc,946,USDT,10414.87538
939,0xcdf9f3942663dc89123bb9681d9061de12183987ecffefd646bf50f672642046,0xab2985d68786ae53bab5b0ec49c6b7713df531f7c383cf1955c929eb09634271,ethereum,TRUE,0x0dee5d5817927869d1e5520422e1027bf4de34fe9b87e9d4f94ca9c8dd6d5fa2,947,ETH,0.2262606097
940,0xf04de7ffd655bd3a1e9b627b54f0e3c26f9b271dc19a2bacd1747db274f840c7,0x617df5ac55fb114bc82edbce9ec4205a2bce2a24f457edf1929bdf65a2499520,ethereum,TRUE,0x756b47cc16d139a5bd1bc54214debfb3097f0e126ae28c9ff4be9daefe5eaa61,948,ETH,0.036
941,0xa68f9667ed4f206fd68a6f798d84efd1b20dc6eca765c8f41f8d0e35090317d2,0x407ce909d2cd246cfa1b046a0e36e9500b94e5087468bb9f0f97bf48b550bd8d,ethereum,TRUE,0x84ce4d0d2812111527cc1b272ae0f674a126680fe6a40a1d2dd825bfbdecffde,949,USDT,1400
942,0xe8c81d7fa1bbe5a80ea4c5f15db8c49510415d99bddacd0cf7fa7fd4b8429359,0xd8a5611ce73524b1671706e77db0c0382c8d147a693f0b7a8434568d98f82492,ethereum,TRUE,0x4b29af50c21bc8c7fa4407579d6dac4706a36ce49fb3c12055cabd10bef88fe6,950,ETH,0.002
943,0x0dbdab4307222e0e8a02e211297c75cdc8d24671d6b676078d8c7859cdb1c73a,0xe4a9be6475a67cb94fa263234712a2e4fb057d5770e4ee847d20fe4fa09dd667,ethereum,TRUE,0xc1fc27bde828147efb06306cd57b81baf217d85aaafc838d091c573581367f3c,951,USDT,5000
944,0xab01242b782594a53ace2ae78f4670d7b6c355b3f6a9a6d7aa229b75f205a702,0xd919d0fbb3bad8520d5d8131735df4cf15cc299ba271e48582d457164a31fe3c,ethereum,TRUE,0x2ef0823c092c0e38686f0d9ed76effe63fdc13e487e48c9771341dcf31ce2976,952,USDT,33793.66657
945,0x77e4a1fc3ded3596c1ddaddadd12500d051d8276d760ae95c009f06b53b95213,0x7ac4d46eb9983f589e24c20e8ab43554f75c012389804df631e33bb08365665b,ethereum,TRUE,0xa703a31928670b3239f1d1918d219b25564899a2a8646ebb1f6bed03b23f8105,954,ETH,0.002
946,0x9573f7286bfa535de3427eff6dbe53b313054237e1e1d8175b0cb15e72d0b655,0xe41b2c51a8cc38eee63d5cf55c7a4636d511b6e6372559c682653815dcdc3dac,ethereum,TRUE,0x8901a37628c0aa9169fe9c0a004663ab5fce9ec9f1dc7b366b001db37a6ee50a,956,ETH,0.348
947,0xaef224e6e57df79ca3211cb13efc200c3d16a8234ef94d7568e1a4f802136590,0x60478c751305cb0aafc525ca61d7e10e132543ecc2ef1aa752066b875e3e189b,ethereum,TRUE,0xa812c403e9eead2aa2c36c718e9c531eb4ab70808134e99214651cae32f45a2b,958,ETH,0.614
948,0xe1dc63d531fb037112ca0699ef681bb7c948681354da811ba96b76201426917f,0x8db82c43bcb998dc255c39e997fab080536e7d33c30f37fa05d2979ff00556f5,ethereum,TRUE,0x20ed037f502879ed117da48ec8804100381fa6eafd9bd3dcb27d7e974f792cb7,959,USDT,1797.279718
949,0x69f3bf64e9707ff31805bc3a72e1c938afbbe5d4d7832f8267635fbfd70a1308,0x26a080eea4ae3414b52be62f3d01d14df45f47bde89e52a2117cc5483b81f11f,ethereum,TRUE,0x0b33885f56cbce7d412f96221adc5763f4fcb65e2986b05d20e74c01395c31a5,960,ETH,0.452
950,0xa114561879f7326afaf3cfe7514c301ced2dd13e1a66db3c415dea45bbb56e43,0xc7cd6dd279db24532ccd57b6969ade887941d992a9a4b2224956f3e6ffe2dab8,ethereum,TRUE,0x8356e3a7c6a5917f153f32e02d27486b02c2c23613f05b0acce35d1256d6fd9a,961,USDT,100
951,0x2e17d19987ccbab36a25e4f276be9c414646e6453257d8b855c02b28709602fc,0x28ae65424bd05b0578a3db3811a29b800f15475468cd8f31b2b00cc86630548a,ethereum,TRUE,0x2ee83f0b38e3d7a69d966e6d28adf9ba63c29667a6c0132b4da25b4397196783,962,USDT,925
952,0x373845283824a11d3066fa13f198c6f3e5e428552143563dde3b80784376ea51,0x6ce6bb33e0bcefe881e6ed15d265d988cd6f24c1e6443f3791175354733298e2,ethereum,TRUE,0xf3e1fb5438f5862c72007c4a131ee7ecc602003ffac0c554efa7d438684e92dd,963,USDT,2800
953,0xa08329f58d8ce672880441f2d18a63c12216cd560c660d811c1dda60807f9671,0x48096935e99fe59720554ff6dd6cad89c631fac1d4ab93e44e3970063af1dd43,ethereum,TRUE,0x4b506f64b54bb654886ecb492c8ad2e34e4a87c1828d4c5316c09d43e01faabe,965,ETH,0.06271895578
954,0x27fc3ee2873259be597a6efa4ebb9f2af544edaf6dc2426871705fe1550fa83f,0x70c4b3ba28ddc885fcee17a68ce660d2bac061c0ad38493768268bf8dd78816d,ethereum,TRUE,0x44ccb89a3e0578007876d23dd32e4683beb766457885b54c21c70c0424892394,966,ETH,0.212
955,0x48b6ff7ecbb2a29d0a3e2b50772911061bf079ed3d75dc2c92814fe0053ce2e9,0x08227604e156057f764d035d8682368077702173b374db67252da0080fd2b124,ethereum,TRUE,0x960e1ca6dd9e6ab7cc96f9c209569670ab111340bb269e7c999698275261cbc0,967,USDT,591
956,0xbd9a952e0869f18aa7e9ab46ec06efb3557a385e07378e37598fb373d9c25b7b,0x5064f0f95ff24f7daba3f0ea67f58a45bc781dc7c3ee75905393053e75f8b551,ethereum,TRUE,0x395bfb0ff04381d6d5e268fad8164cf514014074a69bb4565fee38cfce948a90,968,USDT,251.4897
957,0xd69cf710b939d3b75174b4be250977cbca9acfe2ad9bff44c38c0f792c26c752,0x7e6d8f55c36165252c4d1766f5f94ba15d0dd133fec025637d0326fc624262ce,ethereum,TRUE,0xd93abfd74002e368bf14610bf2be03db97fbd474b32358d5f39c17945db4e288,969,USDT,299.43
958,0x401990f327e3175b851eb620b4728872bcf5052b7f0ff9f84225bf44a7a172fe,0xc7f967d5f11baa4e583a30d8482416e18ab3bba14a84ed48a7fd46adfb5d8dea,ethereum,TRUE,0x07f1be39126a53913355e524d22b8ce61afce046fc9135400ffe999e5cb578d6,970,USDT,10
959,0x92805ce4f9146e8519bfb7e004c4dc7de7397210dde63b65a3c1e52042b1dccf,0x39536d93cc73cef6b5664011ab0b9c0ecab647fa7c7c35251b965ad5abde902c,ethereum,TRUE,0xd8e35418f92ece3f1fc9570768610939b0c49a989512c49dc16ac37d83895fb5,973,ETH,0.4653369316
960,0x1c5ffbdffba3fd808c4a85b8b4d17989891d77e4dfb3b738d0ba3438cfa6ae98,0x4f33f6bfbfce8bd550cf17dda6ec64968702c6247d0b835304fdc3f374f3c4c8,ethereum,TRUE,0x1372abdf3a3e8a87871c77a4c0de2ed2ee3e64064cfc5d23ccc189e5f841f72d,974,ETH,0.1160646936
961,0xca82acc474f2a3147860e90205615d63b2111351149dcdeab50ea8f841b012c8,0x7ad802f3b0837716b0af7620b3d6a0eb9681ee713d6a8bdec769771b3206621d,ethereum,TRUE,0xf6158597affa14e966a14e026a0db220b3a48abaf80b25c8e46ae6cc7aa69b55,975,USDT,1193.1804
962,0xcc50eeb737149f9c8ead2cbe8e48048ed26fd5ffdc23c38b24fbbbd42194af86,0xfebd15c1b1fcbd123d2ce498008b999dcf83d5c978a4147249d3755c3f549a9c,ethereum,TRUE,0x347e4e050b1b5ccc1e69047b3ecf55f5d673cccab8ec95d608ca3f1a970a64f4,976,USDT,325.7765
963,0xa02707d962740adbf5847fdae0036a02f65007073998ed808ef7ffea8bd12113,0xd56841797b9e82fad6a704f80645565d7e883864709c0bfe3f30f250c9cafe88,ethereum,TRUE,0x4a46ae501abd27c2f80b1d5085d8b4ec3365b1f4d8147e6208ec3acfab382e4a,978,ETH,1.1521
964,0xd1aa7e18d25d12313fdc22c4ca1978efefef27029f97e7aa0804369e09731295,0x3a7e8c17ac0fc0cce283f38b99f4880a973fd4ac588696573c390ac5b980e019,ethereum,TRUE,0xf05eb590940a35d6e58631797d25fd62dbf309e1a9655997a036ef311011be51,979,USDT,5508
965,0x15abcdeb849bcf53e12f40a1f388551f21381eee4e070b7dc42ea81e83de73da,0x498a13431b5f9017cc5e18613800380f4f7360bfd2b5396e0f984fea2cbcadf5,ethereum,TRUE,0x11f19daaeca48ac6d1dd6b25b6403240359fe439037fa7442d3152f02b082eb2,981,USDT,275.9433
966,0xf93d54093db0cab7a2300308c48afc18e81e171a2d3b55b3c1fc7c06f2631cc8,0x66d2e1aad15e0581da2f75f350aca60fc4bf2334b94479e6cd55fcaf6ba626f7,ethereum,TRUE,0x225b5ea5413e024f1495c6201ddf5163d27f43059e97d293aa58acede7cfd844,982,USDT,301.4408
967,0x311a81b9b6e4e6afb07c681b5b518023f394f86e670d3fd9873ba918a1646b76,0x819e1139dde3176a910d0aa12432c0b4094446f024ce67f3b1b48a7963ca946a,ethereum,TRUE,0x72650c62a87e1bc0ac4405758973650455d8f9536f44ea6f5d6b747a69e0d62d,983,USDT,1000
968,0x61b13a71ba158b43ecef443e1597b79eb8066d89596cb7b5bb99a1272e4df434,0x24d281ce3f73fabe0a235f9b722d2d94a03bef2eea6fba78b53db9c7e44e2314,ethereum,TRUE,0xd102c26003885217de1e9d8d1dcee770369de7c995c997b700e6a381eb9f2353,985,USDT,292.4096
969,0x1584741967c6e48f0f38f202b1c2af964b50ea05b24ba51aa77795db0918c39e,0xe6940d1b61f40890092faaf1ce6c38c8205ee1c5b7c1b1ba5cfb16f18946af75,ethereum,TRUE,0x081cffeb00afca0d5e18d5de976d880a6c9f7fd7a41f4ef413d787a8716e2523,987,USDT,296.6276
970,0xe7da5b185b73926600cdf18dd1b6a77434c7fb0aa43612de1c4290d0e05dd19a,0xb64db1dc87cb111e11df8876c08f69e08baeb73b1e33c06c14767b59f14a3008,ethereum,TRUE,0xa07c8b68e9c97875657aa93f4f519d8a6dbfce5e42e2dea64fa4ae6634ec6c3a,988,USDT,257.0681
971,0x6d63399e169614d12fcacdb57ae77a482368a19f0bf87a374e24e641dc8bd49e,0x4a0ba7b76cf44d792123f43a96e0d4d17371d031db87117589a9dfbeccb679f1,ethereum,TRUE,0x66805ef5a8aa33f48a636cd53cf56670eba3d0c68c53f8c9a9799b662e066688,989,USDT,165
972,0x7a631634cf47826de7c8ea440f0d2056154a7bfe93bfb6e4a9d40491751a5318,0x1c81f49dd7c5958744b397612ac1df29bcfdb266c21d5312fcee012a69e41b1c,ethereum,TRUE,0x7041c95218c4224a8c881aea04a6d54c2b7fc6b935d5a27df1fab5d917fb7c76,990,USDT,61
973,0xea30e313f34933213fb352333e06a76efc6f3ee36217291cd48537e907aa67e2,0x976192c672d59a22f6a853fa7f6438ed5041440edab68d348842707c2a4600f9,ethereum,TRUE,0xe5094a7cf825d2205bd49f2fb394b5b8f8828b3877dd2aa1e36b697e829f5f2c,991,USDT,291.9499
974,0x687fe4712278b1ad1bfd51301e2c6da34401b04323cd8091181085bbc8684395,0xc6fb2c09fec15cb60db80958158e44ab2900ee464ddfab8d60aabffbe8b20675,ethereum,TRUE,0x89ccab62d049ad3f187c5f607e5f28296e222c572d2d556864ae03704bb1bafc,992,USDT,210
975,0x2727281c9469c9879762cb691910efe7145210401992b6cdf07fb812d6783a53,0xccc4f145f1edd6e4f64e2a22758cd086581d7cab9787986b2685ce2e8215af06,ethereum,TRUE,0xa2c4cecac1937106031ef194bbeaea5eb4c63798127d6e960150ac71d686aa7a,995,USDT,1020
976,0x1bdbf6e82ab3596702d6cb1b621a853ad9e698c779f19dadec1ec8bb12a2df19,0x5cf398fe5d10da31d6763a908f22e79ec8de26df7125d8de8059ec2b258d59ba,ethereum,TRUE,0xb67a41f1d6f85e0e89f609f4fd2db3f1e86e09322200e00b23f3408a5d494919,996,USDT,0.5
977,0x2526ab1f5f6636cebddb99ea7bf07a7c0eb915f1733135ccbab8a4e24995cd1b,0xfbc6ea81e027180e40e56dc47429df387a7a9d8c9385f91ea213297d92a88f2d,ethereum,TRUE,0x5b08cf990cf8ef7173ce4305c61fb6f2ca872e22face5daa7ac1b64098e0e3fe,997,USDT,0.1
978,0x9c9e716a799478ec6010bb697b7b72327fde699d1cb3210633c69bcc42e74e3e,0x3a5515f0c3a9517bf47560c2be8a32d7d26ecaca4ccbc4103b40e2eb7118e6d7,ethereum,TRUE,0x70a50dbb2bc5af3c03d97f502b568399e4ba543ff3310e6c43843d95cfcdc38a,998,USDT,0.1
979,0x80c68fe865a2d9b24452bd00b943e7db341e8d1e08f87b1fb757ca46b9383970,0xa44b608c2a6adeea626ff1da7a06a1f0165bd279abbdee01d1a9a8f858578068,ethereum,TRUE,0x9cba8cfe35585326c1976bf170866142a1e22a03d3a208a03d2ecf0c7d89c4c5,999,USDT,0.1
980,0xc1f2f12de065b26d7c8b08a3c0be72a3a877535222644106fc37002a926cff95,0xa41b4bc309315a54ffbafbb5ac4345d2d344d9feb8e2f00d175471f1a8496ae8,ethereum,TRUE,0x39e6dd0324ab8bc8a2c6095af0890e53c09294380c1a69c7957275d74ecfa9ea,1000,ETH,0.017
981,0xa4483dbaecae7337914abca4e68e02a50e0af23068b7bf0a340043ad7c7eb3c1,0x305af7dd5af1762045823aad4fdb6c82ad423c514d12227dfe980f5e70f2f2e2,ethereum,TRUE,0x393c74413c1a006d32edba80e1c8ecb9db4ae7601a634f7866524375f6043c6d,1001,ETH,1.000727758
982,0x502e06ad805f0df14e61da8f977a6977109cda16a5b92d81497e48bd97139e4f,0x6d9068b1ff73ad6cb663467c71d30ebfa73fffbb5cf35ffa70ac1fbb8e87e880,ethereum,TRUE,0xdd54ad638d4ba2abeb735500e540370271d1d2cd55f1a116306f3846dad9d1f4,1003,USDT,341.337
983,0x5a6407fa476f156c88c371d5c4486738373f608d8cf72486705f158786e30d45,0x930a21159713951e97e76b84ec605ce94965c634f6b387b4c7f9151545ce55b9,ethereum,TRUE,0xd925e17860678362f3dc1d3f43dfaede2887434495b652b4ff939e194329d183,1007,USDT,318.9308
984,0xb4503dd81da6f662117a871d526d39273de0de1c0e43e01305c445444240fb60,0xb60f2e76c53b6d5f6ff7bb2077da3abfd5c147fc3f834907882ee145554f6236,ethereum,TRUE,0x257ed1a129b715db437e72ec5d2e549a07ce5f6453ca6fd37c5152d6fd9d2335,1008,USDT,322.8368
985,0x502599983207c666f237f8c15385fa8c329b0331e60bb65bde74c1612361b05d,0x2a6a1ae725d22d84027c49c1c1292a2ac8b25bac08bc98047c73ee4a23eb8714,ethereum,TRUE,0x21da0b3f6ef24f437ed4aa0a0eb3b6c837b787afb4bd529acddf9bf89cf06578,1009,USDT,332.8327
986,0xb4107ead18ff05e0eba36494f447cc6e92fc59caa43c14350b193c067f40b9f2,0xa23eb0dfdbbf06c3e56b20eec217920d44a5656ae5c976ff88c296efec8cd79f,ethereum,TRUE,0xff52ab75c751a9a754aa837c48a9b923fe6063033ec02f30aa7384a04942eeea,1011,ETH,0.1438568021
987,0xcb78db338473d49dc079d7990a1b6b68f9ba1b886e36242cbcb66c48871ddd76,0x26dc1d63971f21a158e3bf859c949669bea4e924bba001564a645f9d592ee068,ethereum,TRUE,0x1b2f420b819e73a35475e6b2ebfe0d733e35f01f1d283ebdb95d3b0cd8466332,1012,ETH,0.1165
988,0xbb0bc36ed21f9807662e10a9ad7f471efa41ef0629b4f16bbf3856d238c44312,0x4292d57adc5aa8834d027e7bfa9d13c807d221c99ec6e960772409b44cdb7e5f,ethereum,TRUE,0xf89c2d75e7b20da61b904dec8d90a691f6e023efbdee2474a40faeea1e1704a9,1014,USDT,1052
989,0xe36b455be02e9e4287f238e185b2c4719b18e055c2c66e43d513d8c75ec42900,0x8ce9b3b73f5d2bf1abb61a913ec38730de9c9b9fcfa96becc2e398e282483823,ethereum,TRUE,0x386024a77126ff46197b5c8aa5a86eaafa332d664ed677d6fe056686f614b855,1015,USDT,1261
990,0x972fa5e226deeec1605441ef0a922ef90afa00484ec0d3a9d9a80885a76cc304,0xe370ef8d1ebaaf74d5a1793795242ec26e8f018358a401514f6fff6546449c61,ethereum,TRUE,0x1d54319b2e1d0c6f1244ccb417f5a61b0255816c52e4907f05db1784229ad92e,1016,ETH,3.4666
991,0xdf9c8bc9d7b7e8a17e8b4285f02916dc7f42d476e907d82c090af33271c043d9,0xca51aa00688e825a3cfaed0c08a03d73873cde8e12705bce155e8b5d6613ef18,ethereum,TRUE,0xd7cd80202ecf237f2864e7bcbcc8100ae48893990c46b7bd3c6b96accf745c96,1017,USDT,1000
992,0xb2af49e24572ab400f7ee39897ae5b9b33ab0b79c3eaacb0dc8935ae053673bb,0xec54047b1447f93a6f3879fabc95730b487967efe82c8ca912cf74eb82ed089d,ethereum,TRUE,0x27ac07300d9b9cbca4ecae3ad8a41a96ad6ca219811b05ed34d014ca893f1477,1019,ETH,3.3336
993,0x6c8773c3c207abb21e3516ebf0b9695426664176073646cb44ead9a96a41bd34,0xa37b96fd0a44b8ec35a8b7aa83c29d47d7a249a254bc3ddb03af308b2723bc19,ethereum,TRUE,0xd24633ae9c4d6f34de6afe0996fc4ab7284874e653f0d55a54645d4f1f6aa60e,1021,ETH,12
994,0x47eb93c1d5fabd4802b6d64ceaa037dfeef52d4216abfcf445b1949f02eb3f79,0x487a858f3a8bed25c66416333b92951de16a3ad90af9d7268fc96dba995bb9f4,ethereum,TRUE,0xe64ac810daab1043d82f0dcf8c67f3c12621aeacaaef90e5fe223e21b6821bb8,1022,USDT,1072.828363
995,0x6598334d7d3211302033da7395f8e5ca6521faeec62fe8d48f15151234530050,0xafa6d5002bc21f4d6336165eef0be772dd0517736c09ebbffeead37bd9d1ddaa,ethereum,TRUE,0xa9e8d8f52538e8b43f94abf44063a964197e5f815b8075f3cc4f57336a9d2e2c,1023,USDT,2135.302999
996,0x5043428756d7ebf3b98b427be9fbcf0511f109afec588905ed93cfa8d48fb535,0x6ccaa6b630d85999f3e026c37c2d7c990cffd6ba102f0179171f9378273af591,ethereum,TRUE,0x0da4bf177aa4b95c4a07dccc7f942368fc0c4ee7f127436715a61e5617786560,1025,ETH,1
997,0x84d015f0522d173f9a578fe0f36b9eac0a9dbdaa659151434da5eb5fd57027bf,0x7e1f848402cda0174e1d47f724aec6c88fa19578436eea1b20ed951720b09765,ethereum,TRUE,0xa9ca40a8a3de5a0bc24c7455b72918514e5bfbfc714c3edc823ea28342887d69,1026,ETH,1
998,0x61135fa39d5ce09b6f562dfcd927f096e8227823d6645f2f0b3ce69dfd697874,0x0e6f27e7536e642dffacbd347d340198c74676e1fa6e40516244994d847d92b3,ethereum,TRUE,0x4bb01b120ce1d144d622857554e3f0d454aa50a71a4ed4257bb454eae90bb5b0,1027,USDT,457
999,0x05cfa186d923bcb4edadc39d587ae285fc6461d144d9878dc0a2f4b1514fb4b9,0xb2e84acb32148e1ffd888bec78b029233ce5ff94de7b0a25c09c88465fbacb8d,ethereum,TRUE,0x20a2cc25d43872e7c15c3eec281880ccbcca870fcb584931cfdc07284a350f85,1028,USDT,2218.547971
1000,0x2dc21a1961ee5174d74c90dde933ab7a0ae3a95adc14b235e31cd643cfc0d4e4,0x4311f336f2f00cdc9ae4e798d30ca96ea7a614fd06f7c340ce93d44b870d8570,ethereum,TRUE,0xef4e550c34c37cd94dd7df790fbadfd9a2825ffb56c115455d10930d7990f8d6,1029,USDT,2016.505984
1001,0x172cb8f2bb0dcdf6e8b01f66ac3492897e6f27048de058ea6ec076a78d24bee7,0x09b7d17aee367c48cccd429dc7e1b80d0d07adc561549b2d66b31600186252f1,ethereum,TRUE,0x0ba47f883206b0dd16508b15d26994cea494c224ec488df67f86795445289e03,1031,ETH,1.55
1002,0x0c165323abbbcd4168c2f455b513c460a70e4ad85d7a40873a770c3909bc17c6,0xa661b5c972937460a54608f3f951cf1ed06fdbd1d3dcbaa9af0db315d888613a,ethereum,TRUE,0x1c5c7b303184fcc2f16c33d37b923d4dde2e929f02098e08e5d40e81d582f206,1032,ETH,0.0226951894
1003,0xbabcf0935fe531e0b1ac537e50c2f9aaeeefca13c8c116580d28b360c213e599,0x0c619a5538c4190e40be010a678b62228e04f846e73c945f8a038ecb840a2426,ethereum,TRUE,0x41214987a55de2b54e80a4c1c2d2eaa7e3e4db2947fddb3c31a1458a853e546c,1033,USDT,10
1004,0x7f508538d4b0f8cdb9f5482086416037626e41b5039dc056de1c233f217feed9,0x49f3d196593529c8f86e5237da70caf780448ff08cab802720276ac56b2c0da6,ethereum,TRUE,0xcc2763af817e74a615fada0cd9f563b8e3b82314f000c942edabde75ee283065,1034,USDT,100
1005,0x7478c9b7f6eb3675b260c44895040c44d4a7e05b460ece0926a0254469065d9b,0x548145dc916b40a9793e19624e085e3d25951508b9dbd99adfa11f927f6f37e2,ethereum,TRUE,0x0a5a8ff28a4ae9ddf56e25dd829039ac91f90b09b5ba2e0848769ea4bdc5d7d0,1035,USDT,3700
1006,0xaf40fb7f068aeebbdabd4c537b83f5062ca45290480e8d091c527e6cf7e39d55,0x34d458489187c0b27709f9bf6d0bbb34c1f98903d4e1d2185d767ba2b4910677,ethereum,TRUE,0x3caefb93899d69f7fae7effb880861210ba96cd811c8fc2bd331b53fb973e362,1036,USDT,1200
1007,0x11d2d98ad70171c26ddd41062a6cdf97bd36095d0ffbb810f78528de828c5f9d,0x5c3c784884196a0c9249580ba50f63ceb5c3e0086059716775bbb8325efe5f18,ethereum,TRUE,0x669b6b37d16e67bdfbb05cb442179e63118913b7fb09245eb1927acf3babe537,1038,ETH,0.0494
1008,0x51fc0eaf0e427ada0fa20ffa3b0bba1befab5a6f4f3cb0384ef72396f2c77b18,0x10d7f1acc1d6ddd910a49bac7a4b7720e39d249bf950390470f25b7fbd76afb1,ethereum,TRUE,0x7860fe92e6d172704296b35de9c6cb0893a2f40aa9c8c149629eb63e1d5400a0,1044,ETH,0.19
1009,0x3362bc0c149b5ce13b40648e02a359ebb0d6f5ba77bc99065a7e6fba44776bef,0xf7745868fd3f5f53cd61ecbe61afba0d8c4c7e37775904d4cffc2a7cc408be8d,ethereum,TRUE,0xa1ee4c2e771531201e16a5fb2c443ff65c25c52e3db2e799b8d5588ee8e6d5f4,1045,ETH,0.05
1010,0x2ce8cd2d5922793d4f45a968f32bdd799c52ed83dd4f4b0e0ee5952b5c65c998,0x815b02668424b38129bbbfac5dff7ce7be2aa346b4e22b996aaa71333d04749d,ethereum,TRUE,0xe90cd9c95e7be046f6f177882d104b06a785fd668ad3ad9f408ea2955efa5309,1046,ETH,0.064
1011,0x2fe0b1acd72b8f46b1f6e51928bd2496a0bcdfc313509c6296c510c0e23075eb,0x695166f1541d3aa705d2a06e0deac699f4744e93eecaa0e78109fd1e161e2061,ethereum,TRUE,0xe5e3f55add6fb7e3ce002d62abad60617add323c75f1682647f9f4d4877e3d99,1047,ETH,0.00025
1012,0x11b1e465ff91da5079de23e2af42464a7e75ef36f11c2245e3582499ead929bd,0x48ca52949efe147e3ae32a97b07b34a87dc415c063632a7cffb08ae8e46d695a,ethereum,TRUE,0xb9dc453e221311e326879a5de90e08bedea8ea9ac268721e4966f3f108caadf5,1048,ETH,0.07
1013,0xff25d60141e32136703e3e1a2b14849e152e073d7931697509afe5938113f035,0xaffb91d4a836f013445e6998fbd1ebae5fe55c00d22850a12354ab6400a5bbd4,ethereum,TRUE,0xdca6e1179b576a782e5f7303eb4342598452bf0db639b04a21e62cc0a3ff1516,1063,USDT,19853.7943
1014,0x5af71647f8e8fa7662fbe6bb4d429eee7e8a64027947dcb0be24ee5ac2ad2c0c,0xedc6c70a29c0ed5584f47b95c4fa55e3d7d482873ac39c0a4331683dc51c87fb,ethereum,TRUE,0xbfa5e0cdbb3d9f10a9f62256fcc25e57c581710bd5d6e0190473c94d8e54e3a7,1064,USDT,20
1015,0xd93856ad80308052a9da711ab93c4e39b440475c7265437e275197839a586f9a,0xa2b2b49a29e0cc5a690ff8818b915751196f27866ab295fd0dd9723cd6e4d2fa,ethereum,TRUE,0xbddcd68363ddcf61836ebfb0bd92e7fdf62a229ea872c9a09aaac47f80870456,1067,ETH,0.021
1016,0xc4f429c10a2144b46af82822c74d461c11f8f9423ef373a2b7edd44a8e4d8f49,0x24af8e0040b02b3b3070d65dadb88a44d716a59a15c2b2992e3ceb68a2067605,ethereum,TRUE,0xc2da47fc705568b17f97215ce813ec171668c1fb3ba00539088c2afcbcb78337,1068,USDT,50
1017,0x59d9b79bacf54e50c4e99b54c4ac3dd7fd391f59add5556a12c9b2e62f8d292d,0xebda68910026523ec4a816e3044b2972541885cd774ac33b8cd711019ec9da0a,ethereum,TRUE,0xcfd7ecbd2ee877367d69842bb78ff0403f1580046c26761c7b712627cf003412,1071,USDT,130
1018,0xbca4abdcc6a26b4a965eb7239619157f06326a40fea44401ef66c84b0504c664,0xae72d61ded41a7920a9164cb1cc6bcf8e7784417651a30616f88e60617e4b79b,ethereum,TRUE,0xb9f1a89bdec0b98529923a6bdfc2cb101870fbf32b74106af4762bb844cfe357,1072,USDT,99
1019,0x40840e8c7ef6a11b024d6edfa9a1e810adbc9ee234a3c51aee0af1846ce057d1,0xace9b85e9b7c805a3c184bc564d3a76b572a9098a83e6cf6f6eb2300eb73e4e6,ethereum,TRUE,0xbe69602cd9db83a68c92ef6bda4ffbd3006d64e4a5053d4efcb528fa363967c6,1075,USDT,99
1020,0x3c1609c6b56beb4527772c5297445ff304dafeab146ad13f21e620c213862737,0x74817da2901e6d95b04b622a467fff97de26a642bac1452780eae237fe0b1e68,ethereum,TRUE,0xbad9ec3f2959e457af66f4e41873e601fb7fe8f034385cea4cd580bf1564e4e2,1076,ETH,0.063
1021,0x0654c9dfa7c113fdae16abd826cf4de95cc08f5620b72b356881ddfa66a3a5f9,0x426b9c3762b16580f6ef190f8e80f038ad46ad2f3afd9b30cc7bc50ade299fb7,ethereum,TRUE,0x98c7eed6ed9954d0242c79cd08f2aebd8d6d7f02114464d386adf415ee22308f,1077,USDT,2016.520031
1022,0xe7623a2617665eb4431855c401f53868b82d44ede5b696eed96c00d9c8ffcae9,0xc2bbcef85e876d67ae98dbe9e7579236a718c612fc337bfceac74f68dedd8d8e,ethereum,TRUE,0xa734be9684cd254bf73fa833f80c739dd6ab45fe9ea666526e295e5222b7c2ef,1079,USDT,54.472936
1023,0xd2fcd418e23b38581e19b4a58cf8c377aabd420c4f7abd7fafd83c4260cfd9e4,0x71875b0099baf56b5f31521bcc8a2080d7dda1219a047800341513e1bca5805c,ethereum,TRUE,0x40088ce9902938b1c3044d8e89c7797ac8833c83a51be3ca5fabc1cbf5c671f2,1091,ETH,0.05074820932
1024,0xd06873f652ca63252f337398ca129ee264c30aa7addc12d36c73ffea6aec1940,0xe5053537b76fef725e835658b225227ea9012d6a748a236ea394d104aa3a844a,ethereum,FALSE,,,ETH,1.5
1025,0xa20381a4da7e6e43fdba06f4785ef38092815562ea6ef6eb33ab0763c67c09a2,0xe52c195b98e0a5c6848cbf32431a9e433c3ae74e9c1abc5e0378017aa9be60cc,ethereum,FALSE,,,USDT,1000
1026,0xa7ff71d6020725915a67629db83d72ec2daa391dc30a177671f611981278cb8a,0x98b4e7bef595871e4cb84151deddbe7b9b2aeb46070ba43cef396f6d7d2723ca,ethereum,FALSE,,,USDT,466
1027,0x17ee54aaecdeed62be56796fb580e1c1c531cf5b6f5a1d081889a56f18a8615f,0x7ef8c6d0987c8f25253928604724bb23b6b9c88696628c5085b10ab18ed456de,ethereum,FALSE,,,USDT,4688.56
1028,0x783d4a20a74441375d2b0e3afcd06cb5bc1bcf19fe067535862d90c378f92dd9,0xdb06bcd14afa915bd455ec347c9cf6eea14b9140c41d6c40370e2b77daaa862d,ethereum,FALSE,,,USDT,410
1029,0xe9c915f4548bc12d5057f45fb09c8cc8197867accca4f8341f4ad161c7eaaea6,0xde05ec21d484114b8452030ed2aa559428fddc865a6703adac741e374c11e7dd,ethereum,FALSE,,,USDT,10.552457
1030,0xabbe851b709bc8dd0e5e442763ece9943adc1778f29cb7ecf85794edeecc3317,0x1379ce384589b5ca3a69143d87ba263ec3c26b564b135fb1933c0a8a1b696485,base,FALSE,,,ETH,0.7
1031,0xdbb3be875365c4f33baa5c44822607430bc0b7dbc0aa32102b32f0262939a117,0x3197ae5be91379fe1d8952af0cf32416741ff0622f9720636e39ce9b90f32df3,ethereum,FALSE,,,USDT,0.25
1032,0x109838771233da81b90b93c75c29f365f3a9e5afbc9ccd953d4fe79a0f7bb825,0x3f3eee4c81dac309203ec907ac017f8c153778e25fc5a5368b9341829c70cae5,ethereum,FALSE,,,ETH,0.02108521429
1033,0x3eb8b3c02f3c5146f19185f44d3a84b6b3d7c70a4a4ccad3b8da185e8bdff324,0xba71f1ba30134f690830db6a68e0854ff7ce3e74f8085b66736bb402dafeb895,ethereum,FALSE,,,USDT,10
1034,0x60a0f83b5c90d040a9685beca79982826b727c71e168917cfd71678a4a259333,0x4ba94b689a68fd5cc79f4884fff9fd7d8b68ebe5a624948e07b6c9c2a70155a1,ethereum,FALSE,,,USDT,50
1035,0xc8ed2a59b42939e41f29fd87d29347b5fbe3001cb093fb0ae9b66f7040d4f91e,0xb8a0cdca59dbd06cbfa099550643657717b75f34e2a5b0744e7dc4a730b955e7,ethereum,FALSE,,,ETH,0.06045949167
1036,0xbf5c8fcdb6fa74cab50671807e222cf722d7bb2d8bba11e77eebc0b1b21d7acc,0xd895bce2a7c633b583ef0ba55a54eb933ce966fbc460a1254a9c8b212bb91ee0,ethereum,FALSE,,,ETH,0.89
1037,0x111b8b9980a2e271eddb5056806a8090995a0828eda4e03d4babe48580a8f174,0x887a764de92697fd07ea14b7c29d0cd72a82f997dc82dc6675fa65ae154b8dce,ethereum,FALSE,,,ETH,0.864
1038,0x5810128d918ce4bb09a24aa968319f9fdb3f7cbf93e902ca104f3ada7ba6689d,0x388a0165edb9942b809491a8666117d1b4c7a54c106e3b30640b04bf5a502b46,ethereum,FALSE,,,USDT,10
1039,0xd58bdff66078ff15d8ecc7667c9d639e235fc8e7b60158f8252577ba933a0c9f,0xf6a8defcb80831379c70326b3695eb3220283f7c469d8b2a9f2c28234f4f5dd7,ethereum,FALSE,,,USDT,2